Tag,Value
Interest,White wine
Interest,Piaget SA
Interest,Cats & Dogs
Interest,Air travel
Interest,Shampoo
Interest,Shankar Mahadevan
Interest,Hobby shop
Interest,Promotion (marketing)
Interest,Cycling team
Interest,"Vivaah Saree - Sarees, Salwar kameez and Wedding Lehenga Choli
                                                "
Interest,Marketing communications
Interest,Mahesh Babu
Interest,Formula One
Interest,Expensive Taste
Interest,Home repair
Interest,Cat play and toys
Interest,Must Love Cats
Interest,Cocktail
Interest,France
Interest,Samantha Ruth Prabhu
Interest,Zozotown
Interest,Travel photography
Interest,Duolingo
Interest,Foundation (cosmetics)
Interest,Railroad Model Craftsman
Interest,Philips AVENT
Interest,Humour
Interest,Vishal Dadlani
Interest,Fastighetsbyrån
Interest,Pokémon
Interest,Audio mixing (recorded music)
Interest,Asda
Interest,Permanent makeup
Interest,MacBook Pro
Interest,Rallycross
Interest,Moda Feminina
Interest,Creative writing
Interest,Landscape photography
Interest,Living room
Interest,Vijay (actor)
Interest,Yves Saint Laurent (brand)
Interest,Whiskas
Interest,Advertising campaign
Interest,Fashion and makeup
Interest,B.M.S. College of Engineering
Interest,Raspberry Pi
Interest,Electronic dance music
Interest,Gay Love
Interest,Snowboarding
Interest,Ajith Kumar
Interest,Marshall Amplification
Interest,Streetwear
Interest,MAC Cosmetics
Interest,Harper's Bazaar
Interest,Cartier (jeweler)
Interest,Cessna
Interest,Givenchy
Interest,Honda
Interest,Society of Women Engineers
Interest,Cinema of India
Interest,Herb
Interest,Brewery
Interest,Monoprix
Interest,Sophia University
Interest,Health And Beauty
Interest,Fendi
Interest,Pets at Home
Interest,James Baldwin
Interest,Test of English as a Foreign Language
Interest,Saatchi Gallery
Interest,Die-cast toy
Interest,Anime movies
Interest,High school
Interest,Mountain bike
Interest,Bohemian style
Interest,Line 6 (company)
Interest,Commercial law
Interest,Dog health
Interest,Stanford University School of Engineering
Interest,Dog food
Interest,Pandora (jewelry)
Interest,Wine & Spirits
Interest,Next plc
Interest,Programming language
Interest,Gymshark
Interest,Aerial photography
Interest,Brunch
Interest,Sébastien Ogier
Interest,Breakfast
Interest,Sneaker collecting
Interest,Seafood
Interest,Scottish Fold
Interest,Sonu Nigam
Interest,Alternative rock
Interest,Noch (model railroads)
Interest,Porsche
Interest,Novel
Interest,Elle (magazine)
Interest,Funny Videos
Interest,Airbus
Interest,Mountain biking
Interest,Master's degree
Interest,Property finder
Interest,Bicycle
Interest,College of Electrical and Mechanical Engineering
Interest,Wedding videography
Interest,Sephora
Interest,Hermès
Interest,Milk and Honey (musical)
Interest,Empowerment
Interest,Hemnet
Interest,Roche Bobois
Interest,Italian language
Interest,Aircraft
Interest,Tamil literature
Interest,Drifting (motorsport)
Interest,Rallye Deutschland
Interest,Games
Interest,Adobe Photoshop
Interest,Final Cut Pro
Interest,Graphic design occupations
Interest,Kwantlen Polytechnic University
Interest,Gucci
Interest,9GAG
Interest,Doctor Who and the T.A.R.D.I.S.
Interest,FreshDirect
Interest,Digital marketing
Interest,Art & Photography
Interest,Model Rail magazine
Interest,Guitar Center
Interest,Vegetarianism
Interest,Surabaya
Interest,Laggies
Interest,Vineyard
Interest,Comptoir des Cotonniers
Interest,Fiction books
Interest,Litter box
Interest,Makeup brush
Interest,Self-love
Interest,Baby monitor
Interest,NASCAR on NBC
Interest,Union Pacific Railroad
Interest,Furniture
Interest,Mechanical engineering
Interest,Miniatur Wunderland
Interest,Tarun Tahiliani
Interest,Adobe Photoshop Lightroom
Interest,Civil law (common law)
Interest,Doctor Who
Interest,Cory Doctorow
Interest,Gold
Interest,Sparkling wine
Interest,Musical instrument
Interest,Filmmaking
Interest,Multiplex Modellsport
Interest,Prada
Interest,Modern architecture
Interest,Fine-art photography
Interest,Beauty & Care
Interest,Arijit Singh
Interest,Rolex
Interest,Japanese cuisine
Interest,Kajal Aggarwal
Interest,Kawasaki motorcycles
Interest,Lip gloss
Interest,Bachelor's degree
Interest,Netflix
Interest,Adobe Creative Cloud
Interest,Luxury vehicle
Interest,Alcohol
Interest,Juice
Interest,Sabyasachi Mukherjee
Interest,Rhythm and blues music
Interest,Search engine optimization
Interest,Décoration intérieure
Interest,Music
Interest,Asha Bhosle
Interest,Ashdown Engineering
Interest,Crowdrise
Interest,Collecting
Interest,Decor Home Ideas
Interest,3D modeling
Interest,Luxury Lifestyle
Interest,Job interview
Interest,Study abroad
Interest,Online advertising
Interest,Animated movies
Interest,Wedding cake
Interest,Beauty Shop
Interest,Strength training
Interest,Comics
Interest,Shalwar kameez
Interest,Kyushu University
Interest,Guitar solo
Interest,Spanish cuisine
Interest,Pest (organism)
Interest,Waxing
Interest,Language
Interest,Motorsport
Interest,Fender Telecaster
Interest,Classical music
Interest,Life
Interest,British English
Interest,Earring
Interest,Science
Interest,Electrical Engineering Students' European Association
Interest,Mountains
Interest,Bouldering
Interest,Portrait photography
Interest,Meal
Interest,Digital art
Interest,K-pop
Interest,Motorcycles
Interest,Fashion show
Interest,Highway engineering
Interest,Study Abroad
Interest,Ecotourism
Interest,CSX Transportation
Interest,Web development
Interest,Modeling agency
Interest,Teenage Engineering
Interest,Job
Interest,Jewelry design
Interest,Ideal Home
Interest,Doctor Who Magazine
Interest,Adobe InDesign
Interest,For Honor
Interest,Ethical consumerism
Interest,Telugu language
Interest,Rally Australia
Interest,Kawaii
Interest,Technology
Interest,Electronic Engineering Polytechnic Institute of Surabaya
Interest,Communication
Interest,Private university
Interest,I-D
Interest,Sound recording and reproduction
Interest,Boeing
Interest,Lenovo
Interest,Rally Argentina
Interest,Rally de Portugal
Interest,EE Times
Interest,Branding agency
Interest,Soul music
Interest,Cinematography
Interest,Government agency
Interest,Tablet computers
Interest,Shreya Ghoshal
Interest,Marketing
Interest,Hitotsubashi University
Interest,Shoppers Stop
Interest,Language school
Interest,Road bicycle
Interest,Sébastien Loeb
Interest,Veganism
Interest,Model Railroader magazine
Interest,Microbrewery
Interest,Sea
Interest,Wedding ring
Interest,Vegan nutrition
Interest,Marriage proposal
Interest,Wedding reception
Interest,Italy
Interest,Nail salon
Interest,Travel Adventures
Interest,Web hosting
Interest,Italian cuisine
Interest,Wine tasting
Interest,Sphynx cat
Interest,Paint
Interest,Python (programming language)
Interest,First class travel
Interest,Hublot
Interest,Floral design
Interest,Leisure
Interest,Reading
Interest,Interior architecture
Interest,SimCity (2013 video game)
Interest,Indonesia
Interest,Natural environment
Interest,University of Tokyo
Interest,Little Things
Interest,Manga
Interest,Java (programming language)
Interest,Calvin Klein
Interest,Patek Philippe & Co.
Interest,Investment banking
Interest,Eyelash extensions
Interest,Construction management
Interest,Land and Houses
Interest,Damat
Interest,Performing arts
Interest,Chopard
Interest,Christmas Holiday
Interest,Cats Protection
Interest,Dog grooming
Interest,Tohoku University
Interest,Zara (retailer)
Interest,Primary school
Interest,Fender Custom Shop
Interest,Allu Arjun
Interest,Horticulture
Interest,Udit Narayan Official
Interest,Chanel
Interest,E.Leclerc
Interest,Stella McCartney
Interest,Lunch
Interest,Home Decore
Interest,Gamer
Interest,Airline
Interest,Software
Interest,Big Bazaar
Interest,Brand management
Interest,Electric bicycle
Interest,Ring (jewellery)
Interest,Thai cuisine
Interest,International English Language Testing System
Interest,Home improvement
Interest,Coke Studio (Pakistan)
Interest,Plant
Interest,Luxury Resorts
Interest,Contemporary art
Interest,Black cat
Interest,CryEngine
Interest,Distilled beverage
Interest,European Rally Championship
Interest,Delivery order
Interest,Skiing
Interest,Soft drinks
Interest,Anti-aging cream
Interest,Comedy club
Interest,Electronic music
Interest,Bulgari
Interest,Brené Brown
Interest,Crafts
Interest,Foreign language
Interest,Horizon Hobby
Interest,Racing
Interest,Lund University
Interest,Digital photography
Interest,SpiceJet
Interest,ESP Guitars
Interest,Necklace
Interest,Computer servers
Interest,Brewing
Interest,NASCAR
Interest,Houseplant
Interest,Latin American cuisine
Interest,Nail art
Interest,Cuteness
Interest,Online banking
Interest,Printed circuit board
Interest,Work of art
Interest,Mexican cuisine
Interest,Troy Adams
Interest,Fashion and Style
Interest,Institution of Electrical Engineers
Interest,Fashion blog
Interest,Kyoto University
Interest,Vogue (magazine)
Interest,Cosmopolitan (magazine)
Interest,Bass guitar
Interest,Street photography
Interest,Healthy Habits
Interest,Bride and Groom
Interest,C. F. Martin & Company
Interest,Anime & Cosplay
Interest,Vox (musical equipment)
Interest,Shellac
Interest,Gibson Les Paul
Interest,Product (business)
Interest,Visual effects
Interest,Dining room
Interest,Ducati
Interest,Rave
Interest,RC Hobby
Interest,Singing
Interest,Bakery
Interest,Information technology
Interest,Sari
Interest,Self-awareness
Interest,Luxury
Interest,Whitechapel Gallery
Interest,A. R. Rahman
Interest,Home Interiors
Interest,E-books
Interest,Saturday Night Live
Interest,Coutts
Interest,PC Laptops
Interest,Premier Guitar
Interest,Private pilot licence
Interest,Outdoor Life
Interest,Airlangga University
Interest,Fashion (magazine)
Interest,Beauty Brands
Interest,Society of Motion Picture and Television Engineers
Interest,Tax law
Interest,Glamour (magazine)
Interest,New House
Interest,Fabindia
Interest,Computer programming
Interest,Pet food
Interest,Animal
Interest,AmazonFresh
Interest,Action movies
Interest,Energy drinks
Interest,Vijay Sethupathi
Interest,Tattoo Lovers
Interest,Funny or Die
Interest,Rock climbing
Interest,Media (communication)
Interest,Drums
Interest,Commercial pilot license
Interest,Pesticide application
Interest,Sunday Brunch
Interest,Anime convention
Interest,Mascara
Interest,Home Interior Design
Interest,BMW
Interest,Oil painting
Interest,Museum
Interest,ÇeyizDiyarı
Interest,Sustainable fashion
Interest,Grocery Outlet
Interest,Web design
Interest,Acting
Interest,Model aircraft
Interest,Art exhibition
Interest,Handmade jewelry
Interest,Electronics
Interest,Gourmet Foods
Interest,Rally Finland
Interest,Arts and music
Interest,Musical theatre
Interest,American English
Interest,Digital illustration
Interest,Adventure
Interest,Organic farming
Interest,Cleo (magazine)
Interest,Condominium
Interest,Hard drives
Interest,National Model Railroad Association
Interest,Abstract art
Interest,Public transport
Interest,Flower
Interest,Neha Kakkar
Interest,Spring News
Interest,Career development
Interest,Barbican Centre
Interest,Postgraduate education
Interest,Linen
Interest,Winery
Interest,Nagoya University
Interest,British Shorthair
Interest,Anarkali Salwar Suit
Interest,Laptop
Interest,Flowering plant
Interest,Faculty (division)
Interest,Matches Fashion
Interest,International education
Interest,Gratitude
Interest,Figma
Interest,Documentary photography
Interest,Food & Wine
Interest,Nail polish
Interest,Aquatic plant
Interest,Middle school
Interest,Hair coloring
Interest,Decorative arts
Interest,Adobe Premiere Pro
Interest,décoration
Interest,"Este, Veneto"
Interest,Sustainable clothing
Interest,Rally Sweden
Interest,Zadie Smith
Interest,Rock music
Interest,Bo Bedre
Interest,Gastronomy
Interest,ACTION
Interest,Jaeger-LeCoultre
Interest,Hariharan (singer)
Interest,Tokyo University of Science
Interest,Business English
Interest,Dubai
Interest,Eye liner
Interest,Engagement ring
Interest,Bolig Magasinet
Interest,Stand-up comedy
Interest,Personal computer
Interest,Triathlons
Interest,Flower bouquet
Interest,Nihon University
Interest,Cosplay
Interest,Poetry slam
Interest,Textron
Interest,But I'm a Cheerleader
Interest,Higher education
Interest,Private school
Interest,Futaba Corporation
Interest,Homeschool Buyers Co-op
Interest,Garden design
Interest,Southern hospitality
Interest,Zomato
Interest,Business class
Interest,Cotton
Interest,Handicraft
Interest,Final Cut Pro X
Interest,Physical fitness
Interest,Poetry Foundation
Interest,Hair conditioner
Interest,Women in engineering in the United States
Interest,Photographer
Interest,Cat lady
Interest,Anime and manga fandom
Interest,Bengal cat
Interest,Made in France
Interest,Recording studio
Interest,Audemars Piguet
Interest,Theatre
Interest,Vintage Books
Interest,Asus
Interest,Airport
Interest,Image editing
Interest,White Collar
Interest,Amtrak
Interest,MensXP
Interest,Interior design magazine
Interest,Laughter
Interest,Dog behavior
Interest,Aoyama Gakuin University
Interest,Garden
Interest,Perfume (Japanese band)
Interest,Dinner
Interest,Model Railroad Hobbyist
Interest,Rail transport
Interest,Anirudh Ravichander
Interest,Bollywood movies
Interest,Home Design
Interest,Surfer (magazine)
Interest,Dance music
Interest,Just Eat
Interest,Video editing software
Interest,User experience design
Interest,Plant nursery
Interest,Christmas shopping
Interest,Sketch (drawing)
Interest,Vacations
Interest,Ibanez
Interest,Video
Interest,Pet store
Interest,Pasta
Interest,Music festivals
Interest,Maisons du Monde
Interest,Art history
Interest,Investor
Interest,Landscape architecture
Interest,Advertising
Interest,Manish Malhotra
Interest,Manicure
Interest,Minimalism
Interest,Computer animation
Interest,Rail transport modelling
Interest,Concerts
Interest,Mind
Interest,Infant bodysuit
Interest,Tamil language
Interest,Cycling club
Interest,Desktop computers
Interest,Surfboard
Interest,Dolce & Gabbana
Interest,Astronomy
Interest,Aviation photography
Interest,Flight simulator
Interest,Tate Modern
Interest,World Rally Championship
Interest,Photo shoot
Interest,Illustration
Interest,Wildlife photography
Interest,Telangana
Interest,Basic English
Interest,Influencer marketing
Interest,Adobe Illustrator
Interest,Healthy Lifestyles
Interest,HYPEBEAST
Interest,Yamaha Motor Company
Interest,Ralph Lauren
Interest,Cake
Interest,Landscaping
Interest,Tokyo Institute of Technology
Interest,POPxo
Interest,Tea
Interest,Photograph
Interest,Mercedes-Benz E-Class
Interest,Software development
Interest,Blackbaud
Interest,Lipstick
Interest,Art & Graphic Design
Interest,Anita Dongre
Interest,English language
Interest,University of Tsukuba
Interest,Ableton Live
Interest,Diorama
Interest,Underground hip hop
Interest,UEFA Champions League
Interest,Table (furniture)
Interest,Rallying
Interest,Gift shop
Interest,Computer engineering
Interest,Actor Vijay
Interest,Sweepstakes
Interest,Persian cat
Interest,Webtoon
Interest,Academy of Model Aeronautics
Interest,Preschool
Interest,Early childhood education
Interest,Online food ordering
Interest,Marathons
Interest,Therapy
Interest,Decoration
Interest,Splunk
Interest,Rajinikanth
Interest,Handmade
Interest,Culture
Interest,Interior Design Ideas
Interest,Company
Interest,Eyebrow
Interest,"Nike, Inc."
Interest,Mountain bike racing
Interest,Acoustic guitar
Interest,Sales
Interest,Ernie Ball
Interest,Heavy metal music
Interest,Christian Dior
Interest,English as a second or foreign language
Interest,World of Outlaws Late Model Series
Interest,Bedroom
Interest,Poetry
Interest,Organic Food Markets
Interest,Career
Interest,Real estate development
Interest,NARS Cosmetics
Interest,Figure painting (hobby)
Interest,Dirt track racing
Interest,HTML
Interest,Wedding invitation
Interest,Aeronautics
Interest,ORT Braude College of Engineering
Interest,The Gentleman's Journal
Interest,Romper suit
Interest,Red wine
Interest,Compost
Interest,Swedish Association of Graduate Engineers
Interest,University and college admission
Interest,Baseball
Interest,Rock and roll
Interest,Germany
Interest,Indian wedding clothes
Interest,Guitar
Interest,Ableton
Interest,Gibson Guitar Corporation
Interest,Solar street light
Interest,Poster
Interest,Gibson SG
Interest,"University of Toronto Faculty of Applied Science and Engineering
                                                "
Interest,Decoração
Interest,Climbing
Interest,Hair removal
Interest,Metro-North Railroad
Interest,Radio-controlled car
Interest,Suit (clothing)
Interest,Movies
Interest,Collectable
Interest,Outdoors
Interest,hiking trails
Interest,Computer science
Interest,Flight training
Interest,Rallye-Magazin
Interest,Nature photography
Interest,Blues music
Interest,Webcomic
Interest,Bridesmaid
Interest,Big data
Interest,SoundCloud
Interest,Veja Sneakers
Interest,Sari-sari store
Interest,Unmanned aerial vehicle
Interest,myntra
Interest,Academy
Interest,Storytelling
Interest,MacBook
Interest,IEEE Power & Energy Society
Interest,Nature (science)
Interest,Jazz music
Interest,RC Car Action
Interest,International student
Interest,Unique Gifts
Interest,Swimming
Interest,Sports car
Interest,BMW Motorrad
Interest,ITunes
Interest,Moisturizer
Interest,Pendant
Interest,Business
Interest,Dota 2
Interest,Adobe After Effects
Interest,Eye shadow
Interest,IKEA
Interest,Versace
Interest,Dog park
Interest,Healthy food
Interest,Home construction
Interest,Tiffany & Co.
Interest,Travis Scott (musician)
Interest,Artwork (graphic arts)
Interest,Swarovski
Interest,Cycling
Interest,bo bedre
Interest,Radio-controlled model
Interest,Computer monitors
Interest,Aviation
Interest,Internet meme
Interest,3D computer graphics
Interest,Architecture & Design
Interest,Mercedes-Benz
Interest,Meiji University
Interest,Siamese cat
Interest,MTV India
Interest,Multirotor
Interest,Primary education
Interest,Star Wars
Interest,Language education
Interest,Wine cellar
Interest,L'Oréal
Interest,Muscle
Interest,Diners
Interest,Renovation
Interest,vijay tv
Interest,Industrial design
Interest,BB cream
Interest,Personal care
Interest,Party dress
Interest,Lucas Oil Late Model Dirt Series
Interest,Sport climbing
Interest,PRS Guitars
Interest,Brand
Interest,Designer clothing
Interest,Champagne
Interest,Restaurants
Interest,Pôle emploi
Interest,Silk
Interest,Transport
Interest,Royal Canin
Interest,Scale model
Interest,Contemporary art gallery
Interest,Gift
Interest,Adventure travel
Interest,Louis Vuitton
Interest,Chinese cuisine
Interest,Baby powder
Interest,Fischer (company)
Interest,hornby model railways
Interest,Racing bicycle
Interest,Jewelry
Interest,Lip
Interest,Insurance
Interest,Wedding Planners
Interest,Ford Model T
Interest,The Kooples
Interest,Chennai
Interest,Popular culture
Interest,Powerlifting
Interest,Lead generation
Interest,Coaching
Interest,House Beautiful
Interest,Uppada Sarees
Interest,Auto racing
Interest,Space
Interest,Lifestyle
Interest,Web engineering
Interest,World of Outlaws: Sprint Cars
Interest,Ritu Kumar
Interest,Computer memory
Interest,Dakar Rally
Interest,Hobby
Interest,Exfoliation (cosmetology)
Interest,Investment
Interest,Advertising agency
Interest,Sivakarthikeyan
Interest,Vegetarian cuisine
Interest,Email marketing
Interest,Interpersonal relationship
Interest,French cuisine
Interest,Extreme sport
Interest,Embraer
Interest,Tokyo
Interest,Natural foods
Interest,Content marketing
Interest,Art jewelry
Interest,Software engineering
Interest,Dog toy
Interest,Acer Aspire
Interest,Pug
Interest,Data science
Interest,Local food
Interest,Barbecue
Interest,Communication design
Interest,Fashion (film)
Interest,Keio University
Interest,"Arts, Artists, Artwork"
Interest,Thierry Neuville
Interest,Full breakfast
Interest,KTM
Interest,Modern art
Interest,Art & Interior Design
Interest,Electric guitar
Interest,Cat food
Interest,Dog walking
Interest,Purina ONE
Interest,Quadcopter
Interest,Public university
Interest,Arduino
Interest,Comedy Central
Interest,Korean language
Interest,Balenciaga
Interest,Volkswagen Golf
Interest,Long hair
Interest,Insecticide
Interest,Fertilizer
Interest,Korean cuisine
Interest,Remote control
Interest,Olay
Interest,Outdoor Photographer
Interest,Poodle
Interest,Application for employment
Interest,Photographic studio
Interest,Tanishq
Interest,Drinking
Interest,NASCAR Racing
Interest,Maine Coon
Interest,Techno
Interest,KK (singer)
Interest,Mountaineering
Interest,Science fiction movies
Interest,Sézane
Interest,Videography
Interest,Free climbing
Interest,Effects unit
Interest,Video production
Interest,Psychology
Interest,Microcontroller
Interest,Watercolor painting
Interest,Sculpture
Interest,Artificial nails
Interest,Model building
Interest,Monte Carlo Rally
Interest,Trulia
Interest,Self-knowledge (psychology)
Interest,Bracelet
Interest,Rapping
Interest,Fender Stratocaster
Interest,Tamil cinema
Interest,Telugu Filmnagar
Interest,Puppy
Interest,Trains (magazine)
Interest,Logic Pro
Interest,Recettes de cuisine
Interest,Botany
Interest,Lady Gaga
Interest,Toy train
Interest,Eyelash
Interest,Digital media
Interest,Training
Interest,Pesticide
Interest,Modern furniture
Interest,Train simulator
Interest,Makeup Tutorials
Interest,Digital camera
Interest,ThinkPad
Interest,Vacheron Constantin
Interest,Robotics
Interest,Hardware store
Interest,Embroidery
Interest,Cameras
Interest,Electro-Harmonix
Interest,Indian cuisine
Interest,dugun.com
Interest,Radio-controlled helicopter
Interest,Writing
Interest,Nike Skateboarding
Interest,Marketing strategy
Interest,Claudie Pierlot
Interest,Artificial intelligence
Interest,JavaScript
Interest,Painting
Interest,Drama movies
Interest,Burn After Reading
Interest,MIO Stil & Inredning
Interest,Fashion week
Interest,Hip hop fashion
Interest,Cricket Wireless
Interest,Spose
Interest,NBA Finals
Interest,Rakuten
Interest,Ice Hockey World Championships
Interest,ThinkGeek
Interest,Spotify
Interest,Nikon
Interest,Nestlé Purina PetCare
Interest,Saudi Arabia
Interest,Lacoste
Interest,Course (education)
Interest,Visual arts
Interest,Flower garden
Interest,Camcorders
Interest,Relax
Interest,Slim-fit pants
Interest,List of fashion magazines
Interest,Stove
Interest,New Balance
Interest,Ariana Grande
Interest,Summer
Interest,Business marketing
Interest,Jah Cure
Interest,idealista.it
Interest,Publishing
Interest,New Cairo
Interest,Wedding planning
Interest,USA Hockey
Interest,Bookselling
Interest,Event management
Interest,Data analysis
Interest,Shorts
Interest,Kiehl's
Interest,Study in the USA
Interest,TechRadar
Interest,Garden centre
Interest,Kitten
Interest,Marriott Vacation Club
Interest,Study in Europe
Interest,Landscape design
Interest,Çorum
Interest,Diamond
Interest,Say Yes to the Dress
Interest,Polo shirt
Interest,Outerwear
Interest,Hoodie
Interest,Giorgio Armani
Interest,Ornamental plant
Interest,Burj Al Arab
Interest,Professional audio
Interest,Vans
Interest,Immobiliare.it
Interest,Multiple signal classification
Interest,Jeans
Interest,Property insurance
Interest,Urban Decay (cosmetics)
Interest,Draught beer
Interest,Palm Jumeirah
Interest,Pilates
Interest,Made in Italy
Interest,Stanley Cup
Interest,Dodge
Interest,Sunscreen
Interest,Data security
Interest,Amazon Kindle
Interest,Dickies
Interest,Machine learning
Interest,Beer festival
Interest,Dodge Durango
Interest,Weather forecasting
Interest,Chow Tai Fook Enterprises
Interest,Rupert Murdoch
Interest,Sony Alpha
Interest,Modus Furniture
Interest,London Marathon
Interest,Vintage clothing
Interest,FHM
Interest,Curvy
Interest,Skateboard
Interest,Schneider Electric
Interest,camelbak
Interest,Indie rock
Interest,Master of Business Administration
Interest,Jeans (film)
Interest,Real estate economics
Interest,Short story
Interest,Love & Sex
Interest,WordPress
Interest,Shirt
Interest,Top (clothing)
Interest,Computer security
Interest,General insurance
Interest,мода
Interest,Marcelo Tinelli
Interest,9 to 5 (film)
Interest,Tamil cuisine
Interest,Greenhouse
Interest,Fashion design
Interest,Pakistan
Interest,Indie pop
Interest,The Apartment
Interest,Creative Commons
Interest,Qatar
Interest,Amici di Maria De Filippi
Interest,Men's Fashion
Interest,Off-roading
Interest,Cinema of Germany
Interest,Mavic
Interest,Cake decorating
Interest,Scandinavian design
Interest,The Knot
Interest,Paris Métro
Interest,Flow (band)
Interest,Bollywood Hungama
Interest,Lancôme
Interest,Chumbak
Interest,Electrical engineering
Interest,Matrimonio.com
Interest,Muscle & Fitness
Interest,Cow and Chicken
Interest,Hill's Pet Nutrition
Interest,ODEL
Interest,Ilaiyaraaja
Interest,The Body Shop
Interest,Superhero film
Interest,Wine (software)
Interest,Wedding photography
Interest,Flipkart
Interest,Selena Gomez
Interest,Costco
Interest,Study in Canada
Interest,Skateboarding
Interest,Denim
Interest,Plants and Animals
Interest,Liability insurance
Interest,Just Jeans
Interest,Europe
Interest,Sharing
Interest,Sneakers (footwear)
Interest,Information security
Interest,Penny Market
Interest,Burj Khalifa
Interest,superga
Interest,Silver
Interest,City car
Interest,Weddings
Interest,Copywriting
Interest,Dance
Interest,Emotion
Interest,Leggere libri ♥
Interest,Motion graphics
Interest,Lifefactory
Interest,Graffiti
Interest,Better Homes and Gardens (magazine)
Interest,Weather
Interest,Canon Inc.
Interest,Dungeons & Dragons
Interest,Cinema of Iran
Interest,Hydro Flask
Interest,Backpacking (travel)
Interest,Art and Illustrations
Interest,Digital Trends
Interest,Fitness Girls
Interest,Architecture & Interior Design
Interest,Gizmodo
Interest,Babbel
Interest,Casa.it
Interest,Global Desi
Interest,TOEIC
Interest,Succulent plant
Interest,Menswear
Interest,South Korea
Interest,Pop rock
Interest,Clinique
Interest,Smart device
Interest,Ed Sheeran
Interest,Bargain Hunters
Interest,Campervan
Interest,Carhartt
Interest,Armani
Interest,Coachella Valley Music and Arts Festival
Interest,English studies
Interest,Korea
Interest,Myntra.com
Interest,NASA
Interest,Photography
Interest,Zillow
Interest,India
Interest,Gemstone
Interest,Stussy
Interest,Salsa Jeans
Interest,MailChimp
Interest,Eric André
Interest,Nasty Gal
Interest,High-net-worth individual
Interest,E-book readers
Interest,Dragon Ball Z
Interest,Betrayal (TV series)
Interest,Dr. Seuss' How the Grinch Stole Christmas! The Musical
Interest,Redbubble
Interest,COS
Interest,Gardener
Interest,Indian Bodybuilding
Interest,Shopping Online - Clothes
Interest,Craft Beer and Brewing
Interest,Harry Styles
Interest,Investing.com
Interest,Innisfree (cosmetics brand)
Interest,Masaba Gupta
Interest,Anker (mobile chargers)
Interest,Chow Sang Sang
Interest,The Bouqs Company
Interest,bewakoof.com
